,Symbol,Series,Date,PrevClose,OpenPrice,HighPrice,LowPrice,LastPrice,ClosePrice,AveragePrice,TotalTradedQuantity,TurnoverInRs,No.ofTrades,DeliverableQty,%DlyQttoTradedQty,"ï»¿""Symbol"""
0,,EQ,30-Jan-2023,"2,722.65","2,724.00","2,776.00","2,696.25","2,775.00","2,766.20","2,737.45","11,71,912","3,20,80,50,667.85","1,20,523","6,84,696",58.43,ASIANPAINT
1,,EQ,31-Jan-2023,"2,766.20","2,760.00","2,779.95","2,718.05","2,730.00","2,725.85","2,735.90","19,61,805","5,36,73,08,422.70","1,72,075","14,77,388",75.31,ASIANPAINT
2,,EQ,01-Feb-2023,"2,725.85","2,749.80","2,778.00","2,704.80","2,745.80","2,743.75","2,751.70","11,76,872","3,23,83,93,022.90","1,04,610","7,57,128",64.33,ASIANPAINT
3,,EQ,02-Feb-2023,"2,743.75","2,741.00","2,741.00","2,694.00","2,708.00","2,705.65","2,713.55","13,08,570","3,55,08,66,346.30","1,05,807","8,46,485",64.69,ASIANPAINT
4,,EQ,03-Feb-2023,"2,705.65","2,705.65","2,763.90","2,700.00","2,756.90","2,760.40","2,733.95","12,78,409","3,49,51,07,992.55","87,216","8,00,108",62.59,ASIANPAINT
5,,EQ,06-Feb-2023,"2,760.40","2,760.40","2,765.00","2,718.00","2,756.00","2,754.20","2,739.01","11,20,284","3,06,84,65,324.55","1,35,926","6,67,954",59.62,ASIANPAINT
6,,EQ,07-Feb-2023,"2,754.20","2,762.00","2,774.50","2,748.15","2,759.00","2,758.05","2,763.26","7,32,250","2,02,33,98,586.40","60,103","3,69,638",50.48,ASIANPAINT
7,,EQ,08-Feb-2023,"2,758.05","2,768.00","2,784.00","2,744.30","2,767.80","2,765.60","2,764.58","8,11,956","2,24,47,19,933.40","64,510","4,31,407",53.13,ASIANPAINT
8,,EQ,09-Feb-2023,"2,765.60","2,781.95","2,820.35","2,766.15","2,820.00","2,814.60","2,799.43","9,46,372","2,64,93,05,359.20","66,431","4,88,852",51.66,ASIANPAINT
9,,EQ,10-Feb-2023,"2,814.60","2,830.00","2,830.95","2,793.00","2,804.00","2,804.60","2,809.89","7,00,072","1,96,71,24,383.90","51,716","3,14,381",44.91,ASIANPAINT
10,,EQ,13-Feb-2023,"2,804.60","2,814.50","2,829.00","2,780.00","2,787.00","2,790.75","2,796.08","4,67,228","1,30,64,07,661.25","42,088","2,41,398",51.67,ASIANPAINT
11,,EQ,14-Feb-2023,"2,790.75","2,804.75","2,804.75","2,765.00","2,774.70","2,777.00","2,778.33","5,24,746","1,45,79,18,190.95","54,815","2,94,764",56.17,ASIANPAINT
12,,EQ,15-Feb-2023,"2,777.00","2,777.00","2,798.30","2,754.00","2,798.30","2,786.15","2,778.03","8,17,717","2,27,16,43,266.30","59,459","4,96,051",60.66,ASIANPAINT
13,,EQ,16-Feb-2023,"2,786.15","2,797.00","2,834.35","2,790.10","2,807.90","2,805.95","2,816.00","7,88,964","2,22,17,21,585.55","52,282","3,99,490",50.63,ASIANPAINT
14,,EQ,17-Feb-2023,"2,805.95","2,802.95","2,845.85","2,785.50","2,838.00","2,833.60","2,829.62","8,40,526","2,37,83,70,056.25","51,975","3,77,343",44.89,ASIANPAINT
15,,EQ,20-Feb-2023,"2,833.60","2,845.00","2,852.00","2,812.10","2,829.80","2,825.55","2,826.45","6,46,218","1,82,65,01,996.25","48,252","3,24,344",50.19,ASIANPAINT
16,,EQ,21-Feb-2023,"2,825.55","2,837.00","2,838.70","2,805.00","2,820.00","2,817.10","2,813.63","6,31,934","1,77,80,26,077.80","49,982","3,22,742",51.07,ASIANPAINT
17,,EQ,22-Feb-2023,"2,817.10","2,809.95","2,813.95","2,780.00","2,797.90","2,795.95","2,794.79","5,80,270","1,62,17,30,913.85","48,375","3,19,334",55.03,ASIANPAINT
18,,EQ,23-Feb-2023,"2,795.95","2,805.00","2,805.55","2,700.10","2,707.00","2,705.95","2,728.66","17,90,570","4,88,58,53,128.20","1,52,617","9,86,285",55.08,ASIANPAINT
19,,EQ,24-Feb-2023,"2,705.95","2,712.10","2,762.00","2,710.00","2,741.40","2,738.50","2,742.98","14,29,040","3,91,98,26,414.50","76,267","7,70,935",53.95,ASIANPAINT
20,,EQ,27-Feb-2023,"2,738.50","2,740.40","2,758.65","2,725.05","2,755.00","2,749.90","2,744.49","5,61,317","1,54,05,28,334.75","48,281","2,22,563",39.65,ASIANPAINT
21,,EQ,28-Feb-2023,"2,749.90","2,750.00","2,839.00","2,727.45","2,832.85","2,828.80","2,808.68","18,15,923","5,10,03,43,163.40","79,782","9,62,047",52.98,ASIANPAINT
22,,EQ,01-Mar-2023,"2,828.80","2,828.00","2,853.30","2,816.05","2,844.00","2,840.90","2,837.61","8,16,598","2,31,71,83,671.20","58,148","4,54,416",55.65,ASIANPAINT
23,,EQ,02-Mar-2023,"2,840.90","2,831.00","2,849.00","2,811.00","2,833.00","2,833.90","2,832.79","6,04,523","1,71,24,88,953.55","44,537","3,20,090",52.95,ASIANPAINT
24,,EQ,03-Mar-2023,"2,833.90","2,837.05","2,852.00","2,810.65","2,830.15","2,828.85","2,826.34","6,79,295","1,91,99,21,555.35","64,015","3,34,510",49.24,ASIANPAINT
25,,EQ,06-Mar-2023,"2,828.85","2,843.00","2,884.00","2,830.25","2,861.60","2,864.55","2,869.75","10,50,267","3,01,39,98,661.15","74,159","5,38,941",51.31,ASIANPAINT
26,,EQ,08-Mar-2023,"2,864.55","2,870.00","2,870.00","2,827.00","2,857.00","2,859.55","2,850.88","5,80,250","1,65,42,25,600.65","50,105","2,98,968",51.52,ASIANPAINT
27,,EQ,09-Mar-2023,"2,859.55","2,862.00","2,872.45","2,836.85","2,856.00","2,853.55","2,855.48","7,74,224","2,21,07,82,913.25","51,928","4,66,051",60.20,ASIANPAINT
28,,EQ,10-Mar-2023,"2,853.55","2,844.00","2,844.00","2,807.00","2,828.00","2,830.20","2,827.55","4,89,978","1,38,54,36,170.85","54,387","2,34,395",47.84,ASIANPAINT
29,,EQ,13-Mar-2023,"2,830.20","2,823.50","2,849.45","2,772.20","2,790.00","2,784.20","2,807.41","8,13,217","2,28,30,30,123.30","86,773","4,56,435",56.13,ASIANPAINT
30,,EQ,14-Mar-2023,"2,784.20","2,782.95","2,786.95","2,740.05","2,746.00","2,745.60","2,758.21","10,60,450","2,92,49,44,075.85","1,19,748","6,53,974",61.67,ASIANPAINT
31,,EQ,15-Mar-2023,"2,745.60","2,772.20","2,866.35","2,765.20","2,831.10","2,827.40","2,831.84","21,70,346","6,14,60,77,444.20","1,27,214","7,77,995",35.85,ASIANPAINT
32,,EQ,16-Mar-2023,"2,827.40","2,850.00","2,900.00","2,828.70","2,896.55","2,893.25","2,874.46","17,55,487","5,04,60,76,223.35","1,34,035","9,23,687",52.62,ASIANPAINT
33,,EQ,17-Mar-2023,"2,893.25","2,923.95","2,923.95","2,855.05","2,862.25","2,862.65","2,886.09","18,48,073","5,33,37,14,114.95","1,05,428","11,10,569",60.09,ASIANPAINT
34,,EQ,20-Mar-2023,"2,862.65","2,915.00","2,915.00","2,831.05","2,852.00","2,855.15","2,847.77","10,74,367","3,05,95,54,893.60","85,228","6,35,543",59.16,ASIANPAINT
35,,EQ,21-Mar-2023,"2,855.15","2,858.15","2,887.00","2,835.00","2,839.75","2,839.10","2,855.35","6,91,891","1,97,55,89,123.55","80,855","3,69,125",53.35,ASIANPAINT
36,,EQ,22-Mar-2023,"2,839.10","2,825.00","2,853.15","2,814.85","2,836.05","2,839.85","2,837.31","7,31,807","2,07,63,60,314.80","55,063","4,19,432",57.31,ASIANPAINT
37,,EQ,23-Mar-2023,"2,839.85","2,817.10","2,823.00","2,767.75","2,800.00","2,797.80","2,790.62","10,16,581","2,83,68,87,130.70","72,334","3,78,639",37.25,ASIANPAINT
38,,EQ,24-Mar-2023,"2,797.80","2,797.80","2,815.65","2,772.85","2,800.00","2,798.50","2,797.05","7,84,111","2,19,32,01,181.30","62,848","4,37,365",55.78,ASIANPAINT
39,,EQ,27-Mar-2023,"2,798.50","2,798.50","2,820.00","2,786.50","2,802.10","2,803.75","2,802.40","7,91,560","2,21,82,67,432.50","54,933","5,06,998",64.05,ASIANPAINT
40,,EQ,28-Mar-2023,"2,803.75","2,791.00","2,810.60","2,765.00","2,786.00","2,784.45","2,784.45","5,58,581","1,55,53,42,471.30","58,194","2,51,651",45.05,ASIANPAINT
41,,EQ,29-Mar-2023,"2,784.45","2,784.45","2,793.75","2,755.00","2,775.00","2,770.50","2,771.08","10,87,648","3,01,39,62,064.15","77,999","6,39,190",58.77,ASIANPAINT
42,,EQ,31-Mar-2023,"2,770.50","2,756.05","2,775.00","2,747.50","2,764.00","2,761.65","2,760.84","19,67,803","5,43,27,93,544.90","1,15,340","14,26,542",72.49,ASIANPAINT
43,,EQ,03-Apr-2023,"2,761.65","2,746.95","2,781.65","2,708.65","2,778.50","2,777.00","2,754.49","10,35,295","2,85,17,08,612.55","74,491","4,52,458",43.70,ASIANPAINT
44,,EQ,05-Apr-2023,"2,777.00","2,760.00","2,811.55","2,752.25","2,808.10","2,808.50","2,785.70","6,68,643","1,86,26,39,464.75","58,870","3,49,927",52.33,ASIANPAINT
45,,EQ,06-Apr-2023,"2,808.50","2,807.45","2,825.00","2,786.80","2,810.90","2,809.85","2,810.34","6,27,554","1,76,36,42,312.90","58,842","3,53,825",56.38,ASIANPAINT
46,,EQ,10-Apr-2023,"2,809.85","2,810.00","2,810.00","2,755.10","2,776.35","2,776.35","2,769.17","12,15,461","3,36,58,13,180.00","87,638","6,23,757",51.32,ASIANPAINT
47,,EQ,11-Apr-2023,"2,776.35","2,790.00","2,790.00","2,750.05","2,755.90","2,753.80","2,758.11","12,46,379","3,43,76,52,395.85","84,669","6,32,024",50.71,ASIANPAINT
48,,EQ,12-Apr-2023,"2,753.80","2,755.55","2,806.20","2,751.00","2,787.00","2,786.75","2,778.17","22,35,399","6,21,03,23,795.95","72,778","14,33,428",64.12,ASIANPAINT
49,,EQ,13-Apr-2023,"2,786.75","2,786.70","2,813.30","2,782.00","2,812.00","2,809.75","2,803.80","6,02,597","1,68,95,63,757.70","48,470","3,57,182",59.27,ASIANPAINT
50,,EQ,17-Apr-2023,"2,809.75","2,825.00","2,845.60","2,806.00","2,843.00","2,843.10","2,830.40","7,54,555","2,13,56,95,747.20","51,872","4,18,806",55.50,ASIANPAINT
51,,EQ,18-Apr-2023,"2,843.10","2,848.00","2,858.45","2,830.10","2,855.00","2,854.60","2,848.64","7,17,724","2,04,45,35,327.30","38,621","3,92,153",54.64,ASIANPAINT
52,,EQ,19-Apr-2023,"2,854.60","2,836.35","2,852.70","2,800.65","2,811.00","2,809.70","2,820.26","7,99,624","2,25,51,50,796.20","48,741","4,70,857",58.88,ASIANPAINT
53,,EQ,20-Apr-2023,"2,809.70","2,820.00","2,851.00","2,813.15","2,850.00","2,843.85","2,836.04","7,61,101","2,15,85,14,875.15","45,647","4,18,361",54.97,ASIANPAINT
54,,EQ,21-Apr-2023,"2,843.85","2,847.10","2,887.00","2,847.10","2,877.85","2,882.10","2,872.50","8,94,930","2,57,06,89,706.35","49,493","4,07,924",45.58,ASIANPAINT
55,,EQ,24-Apr-2023,"2,882.10","2,882.10","2,898.00","2,852.00","2,897.75","2,891.10","2,875.04","7,82,967","2,25,10,59,008.65","47,584","4,78,537",61.12,ASIANPAINT
56,,EQ,25-Apr-2023,"2,891.10","2,891.05","2,901.75","2,864.15","2,896.95","2,898.00","2,889.28","6,36,120","1,83,79,29,855.25","38,261","3,29,530",51.80,ASIANPAINT
57,,EQ,26-Apr-2023,"2,898.00","2,896.95","2,916.45","2,888.05","2,910.10","2,910.00","2,905.24","5,69,221","1,65,37,25,524.85","42,452","2,98,009",52.35,ASIANPAINT
58,,EQ,27-Apr-2023,"2,910.00","2,915.50","2,920.00","2,893.85","2,903.25","2,899.95","2,900.60","5,99,461","1,73,87,98,605.70","40,939","3,57,107",59.57,ASIANPAINT
59,,EQ,28-Apr-2023,"2,899.95","2,919.95","2,919.95","2,846.60","2,894.00","2,902.35","2,884.81","10,80,665","3,11,75,13,630.20","57,392","5,71,408",52.88,ASIANPAINT
60,,EQ,02-May-2023,"2,902.35","2,910.95","2,933.70","2,893.00","2,897.00","2,899.55","2,908.24","6,63,800","1,93,04,92,996.10","70,947","3,45,898",52.11,ASIANPAINT
61,,EQ,03-May-2023,"2,899.55","2,918.00","2,962.40","2,897.00","2,930.00","2,929.70","2,934.12","12,37,193","3,63,00,68,174.70","83,740","4,75,100",38.40,ASIANPAINT
62,,EQ,04-May-2023,"2,929.70","2,948.00","2,986.15","2,922.15","2,978.00","2,982.85","2,966.30","10,08,540","2,99,16,35,748.40","98,527","4,34,230",43.06,ASIANPAINT
63,,EQ,05-May-2023,"2,982.85","2,971.00","3,025.00","2,951.05","3,005.15","3,012.95","2,994.76","13,26,561","3,97,27,30,988.60","86,317","6,65,716",50.18,ASIANPAINT
64,,EQ,08-May-2023,"3,012.95","3,015.00","3,035.70","2,993.00","3,019.00","3,019.45","3,017.67","9,41,879","2,84,22,83,880.40","68,320","5,01,055",53.20,ASIANPAINT
65,,EQ,09-May-2023,"3,019.45","3,016.05","3,074.80","3,010.75","3,033.00","3,034.80","3,047.51","10,25,850","3,12,62,87,115.85","89,362","4,41,123",43.00,ASIANPAINT
66,,EQ,10-May-2023,"3,034.80","3,042.95","3,057.00","3,018.90","3,039.65","3,041.40","3,038.43","7,51,851","2,28,44,46,148.65","45,838","4,62,002",61.45,ASIANPAINT
67,,EQ,11-May-2023,"3,041.40","3,052.05","3,156.15","3,031.50","3,143.00","3,139.75","3,096.23","32,29,605","9,99,96,10,804.45","1,87,556","11,10,507",34.39,ASIANPAINT
68,,EQ,12-May-2023,"3,139.75","3,139.00","3,179.75","3,086.00","3,134.00","3,131.10","3,142.08","19,98,170","6,27,84,11,068.70","1,31,411","6,72,611",33.66,ASIANPAINT
69,,EQ,15-May-2023,"3,131.10","3,134.20","3,168.00","3,121.05","3,128.50","3,132.00","3,149.90","8,10,281","2,55,23,06,646.95","61,904","4,27,063",52.71,ASIANPAINT
70,,EQ,16-May-2023,"3,132.00","3,132.00","3,165.70","3,122.35","3,135.00","3,138.10","3,147.85","8,22,404","2,58,88,02,311.35","68,581","4,70,599",57.22,ASIANPAINT
71,,EQ,17-May-2023,"3,138.10","3,136.00","3,147.95","3,075.55","3,096.00","3,092.45","3,100.01","8,35,371","2,58,96,61,628.75","69,335","4,32,512",51.77,ASIANPAINT
72,,EQ,18-May-2023,"3,092.45","3,105.65","3,125.00","3,093.25","3,109.20","3,109.05","3,111.03","4,98,067","1,54,94,99,468.00","52,766","2,47,345",49.66,ASIANPAINT
73,,EQ,19-May-2023,"3,109.05","3,124.00","3,127.95","3,068.05","3,085.00","3,084.45","3,090.74","6,33,262","1,95,72,46,280.10","56,554","3,27,944",51.79,ASIANPAINT
74,,EQ,22-May-2023,"3,084.45","3,070.00","3,105.60","3,046.00","3,087.00","3,084.90","3,083.20","6,59,425","2,03,31,36,415.00","53,673","3,47,476",52.69,ASIANPAINT
75,,EQ,23-May-2023,"3,084.90","3,087.00","3,127.95","3,085.00","3,117.00","3,120.60","3,116.44","5,81,204","1,81,12,89,391.65","47,234","3,22,631",55.51,ASIANPAINT
76,,EQ,24-May-2023,"3,120.60","3,115.00","3,133.15","3,098.00","3,101.00","3,101.50","3,112.96","4,39,465","1,36,80,37,166.55","36,302","2,16,676",49.30,ASIANPAINT
77,,EQ,25-May-2023,"3,101.50","3,101.50","3,129.00","3,086.00","3,119.90","3,123.55","3,110.46","5,00,313","1,55,62,05,162.55","35,448","2,67,438",53.45,ASIANPAINT
78,,EQ,26-May-2023,"3,123.55","3,123.00","3,136.95","3,111.75","3,127.00","3,128.40","3,126.59","5,68,249","1,77,66,83,403.35","34,782","3,03,958",53.49,ASIANPAINT
79,,EQ,29-May-2023,"3,128.40","3,147.20","3,155.00","3,116.05","3,139.00","3,137.40","3,129.99","5,35,712","1,67,67,74,540.05","43,842","2,62,867",49.07,ASIANPAINT
80,,EQ,30-May-2023,"3,137.40","3,146.90","3,155.00","3,127.55","3,141.45","3,144.40","3,143.77","5,06,026","1,59,08,27,208.40","48,386","2,87,089",56.73,ASIANPAINT
81,,EQ,31-May-2023,"3,144.40","3,151.95","3,219.35","3,136.45","3,195.00","3,192.95","3,190.32","23,49,066","7,49,42,60,796.65","1,06,339","15,95,686",67.93,ASIANPAINT
82,,EQ,01-Jun-2023,"3,192.95","3,235.35","3,249.90","3,207.00","3,240.00","3,240.70","3,236.48","11,04,861","3,57,58,56,348.15","93,247","6,60,345",59.77,ASIANPAINT
83,,EQ,02-Jun-2023,"3,240.70","3,239.40","3,249.95","3,219.00","3,232.00","3,237.25","3,237.82","7,81,973","2,53,18,88,968.15","66,607","4,60,122",58.84,ASIANPAINT
84,,EQ,05-Jun-2023,"3,237.25","3,239.95","3,239.95","3,195.00","3,201.80","3,199.75","3,208.79","4,92,565","1,58,05,36,275.70","48,058","2,37,131",48.14,ASIANPAINT
85,,EQ,06-Jun-2023,"3,199.75","3,207.75","3,238.90","3,195.00","3,213.00","3,212.75","3,216.85","5,77,698","1,85,83,67,579.40","64,101","2,86,542",49.60,ASIANPAINT
86,,EQ,07-Jun-2023,"3,212.75","3,217.00","3,229.25","3,206.25","3,227.00","3,224.80","3,220.53","4,70,038","1,51,37,70,533.85","59,601","2,62,438",55.83,ASIANPAINT
87,,EQ,08-Jun-2023,"3,224.80","3,220.00","3,247.00","3,193.00","3,215.80","3,212.25","3,216.20","5,61,161","1,80,48,06,404.20","51,824","2,82,393",50.32,ASIANPAINT
88,,EQ,09-Jun-2023,"3,212.25","3,209.80","3,238.90","3,168.55","3,178.90","3,180.55","3,198.83","12,39,045","3,96,34,89,132.60","67,292","8,54,506",68.96,ASIANPAINT
89,,EQ,12-Jun-2023,"3,180.55","3,185.20","3,202.35","3,151.15","3,197.40","3,194.75","3,180.24","10,29,156","3,27,29,62,229.95","49,670","7,26,442",70.59,ASIANPAINT
90,,EQ,13-Jun-2023,"3,194.75","3,210.00","3,272.00","3,205.15","3,256.10","3,262.85","3,256.54","15,98,821","5,20,66,21,879.85","1,07,400","7,25,530",45.38,ASIANPAINT
91,,EQ,14-Jun-2023,"3,262.85","3,265.00","3,289.90","3,253.00","3,270.75","3,270.20","3,270.11","7,41,615","2,42,51,63,503.10","81,023","4,21,829",56.88,ASIANPAINT
92,,EQ,15-Jun-2023,"3,270.20","3,276.00","3,304.00","3,273.35","3,291.00","3,294.35","3,291.01","8,06,994","2,65,58,28,012.60","92,700","5,16,006",63.94,ASIANPAINT
93,,EQ,16-Jun-2023,"3,294.35","3,291.75","3,322.00","3,286.55","3,318.15","3,316.85","3,307.13","9,84,671","3,25,64,30,329.95","62,695","6,49,026",65.91,ASIANPAINT
94,,EQ,19-Jun-2023,"3,316.85","3,318.85","3,344.95","3,303.25","3,311.20","3,309.70","3,318.54","5,16,915","1,71,54,04,356.00","45,543","2,69,725",52.18,ASIANPAINT
95,,EQ,20-Jun-2023,"3,309.70","3,315.00","3,326.85","3,277.10","3,312.70","3,318.70","3,300.28","8,66,290","2,85,90,01,340.75","78,457","5,71,251",65.94,ASIANPAINT
96,,EQ,21-Jun-2023,"3,318.70","3,318.70","3,333.00","3,300.00","3,322.00","3,316.10","3,311.91","7,42,456","2,45,89,44,685.45","73,902","5,04,101",67.90,ASIANPAINT
97,,EQ,22-Jun-2023,"3,316.10","3,325.00","3,326.85","3,242.45","3,250.00","3,248.05","3,280.90","8,71,640","2,85,97,61,132.55","54,536","5,41,634",62.14,ASIANPAINT
98,,EQ,23-Jun-2023,"3,248.05","3,265.00","3,304.15","3,253.05","3,297.00","3,297.70","3,286.45","12,60,659","4,14,30,86,640.40","83,744","4,89,849",38.86,ASIANPAINT
99,,EQ,26-Jun-2023,"3,297.70","3,295.00","3,315.35","3,271.40","3,305.75","3,308.15","3,301.90","5,92,801","1,95,73,68,597.40","62,556","3,92,060",66.14,ASIANPAINT
100,,EQ,27-Jun-2023,"3,308.15","3,275.00","3,344.50","3,273.35","3,325.00","3,326.00","3,325.11","9,14,141","3,03,96,19,506.95","80,459","6,55,553",71.71,ASIANPAINT
101,,EQ,28-Jun-2023,"3,326.00","3,331.00","3,355.25","3,323.50","3,350.00","3,348.25","3,343.88","7,13,110","2,38,45,55,468.75","71,197","4,28,299",60.06,ASIANPAINT
102,,EQ,30-Jun-2023,"3,348.25","3,353.00","3,449.60","3,343.75","3,360.00","3,362.05","3,385.19","14,36,363","4,86,23,64,021.00","1,04,536","7,13,252",49.66,ASIANPAINT
103,,EQ,03-Jul-2023,"3,362.05","3,365.00","3,379.95","3,337.20","3,354.00","3,358.70","3,356.07","4,74,224","1,59,15,30,172.70","61,821","2,32,433",49.01,ASIANPAINT
104,,EQ,04-Jul-2023,"3,358.70","3,358.70","3,387.00","3,331.00","3,344.00","3,347.70","3,348.60","4,73,663","1,58,61,06,938.75","55,647","2,18,057",46.04,ASIANPAINT
105,,EQ,05-Jul-2023,"3,347.70","3,351.35","3,400.00","3,340.75","3,377.00","3,374.40","3,375.15","6,32,406","2,13,44,62,655.95","53,145","3,32,505",52.58,ASIANPAINT
106,,EQ,06-Jul-2023,"3,374.40","3,410.00","3,410.00","3,367.80","3,390.00","3,399.40","3,390.45","6,93,995","2,35,29,56,419.75","79,906","4,15,242",59.83,ASIANPAINT
107,,EQ,07-Jul-2023,"3,399.40","3,385.00","3,414.00","3,337.15","3,346.75","3,343.70","3,370.36","6,20,761","2,09,21,90,416.25","68,126","3,51,741",56.66,ASIANPAINT
108,,EQ,10-Jul-2023,"3,343.70","3,345.00","3,372.05","3,293.95","3,336.65","3,343.15","3,332.34","5,48,838","1,82,89,13,902.55","58,406","2,77,092",50.49,ASIANPAINT
109,,EQ,11-Jul-2023,"3,343.15","3,349.95","3,399.95","3,345.00","3,388.10","3,392.55","3,383.36","7,72,158","2,61,24,85,104.70","69,821","4,60,980",59.70,ASIANPAINT
110,,EQ,12-Jul-2023,"3,392.55","3,408.00","3,414.40","3,362.25","3,403.00","3,406.75","3,393.64","10,25,127","3,47,89,16,060.60","85,655","5,75,586",56.15,ASIANPAINT
111,,EQ,13-Jul-2023,"3,406.75","3,425.00","3,425.00","3,384.35","3,401.00","3,398.55","3,399.81","7,50,126","2,55,02,82,726.25","65,376","3,75,702",50.09,ASIANPAINT
112,,EQ,14-Jul-2023,"3,398.55","3,398.55","3,439.00","3,387.00","3,425.00","3,429.75","3,412.09","8,32,843","2,84,17,34,117.75","77,445","4,30,405",51.68,ASIANPAINT
113,,EQ,17-Jul-2023,"3,429.75","3,429.75","3,473.00","3,425.00","3,458.15","3,460.40","3,449.54","8,17,694","2,82,06,64,301.15","73,239","3,50,985",42.92,ASIANPAINT
114,,EQ,18-Jul-2023,"3,460.40","3,460.00","3,523.00","3,455.60","3,514.45","3,513.45","3,495.91","9,62,485","3,36,47,63,490.45","89,846","5,00,592",52.01,ASIANPAINT
115,,EQ,19-Jul-2023,"3,513.45","3,520.00","3,530.00","3,482.50","3,515.00","3,514.65","3,503.97","6,20,289","2,17,34,75,302.15","60,461","3,55,344",57.29,ASIANPAINT
116,,EQ,20-Jul-2023,"3,514.65","3,510.05","3,535.00","3,494.95","3,520.20","3,526.00","3,520.14","5,89,848","2,07,63,47,154.20","58,248","3,37,709",57.25,ASIANPAINT
117,,EQ,21-Jul-2023,"3,526.00","3,535.95","3,537.95","3,505.00","3,516.00","3,517.70","3,517.09","8,57,975","3,01,75,74,294.10","75,871","6,01,862",70.15,ASIANPAINT
118,,EQ,24-Jul-2023,"3,517.70","3,506.00","3,568.00","3,498.50","3,544.65","3,543.70","3,533.43","6,80,246","2,40,36,00,498.55","58,792","3,33,553",49.03,ASIANPAINT
119,,EQ,25-Jul-2023,"3,543.70","3,547.90","3,547.90","3,350.00","3,395.00","3,400.40","3,427.15","25,55,630","8,75,85,36,304.05","1,85,812","8,50,368",33.27,ASIANPAINT
120,,EQ,26-Jul-2023,"3,400.40","3,399.85","3,413.00","3,365.00","3,365.00","3,373.00","3,389.23","9,59,076","3,25,05,25,166.00","1,00,287","3,84,484",40.09,ASIANPAINT
121,,EQ,27-Jul-2023,"3,373.00","3,390.00","3,414.00","3,351.00","3,383.00","3,369.40","3,376.86","8,74,078","2,95,16,40,474.15","72,854","4,42,865",50.67,ASIANPAINT
122,,EQ,28-Jul-2023,"3,369.40","3,375.00","3,399.00","3,364.50","3,394.40","3,390.70","3,382.56","5,53,750","1,87,30,90,673.90","55,598","2,95,501",53.36,ASIANPAINT
123,,EQ,31-Jul-2023,"3,390.70","3,323.20","3,388.00","3,323.15","3,375.15","3,377.35","3,361.70","9,33,890","3,13,94,57,052.95","92,632","5,23,883",56.10,ASIANPAINT
124,,EQ,01-Aug-2023,"3,377.35","3,372.00","3,385.00","3,338.00","3,344.00","3,342.95","3,349.67","6,98,667","2,34,03,01,028.75","58,927","4,44,277",63.59,ASIANPAINT
125,,EQ,02-Aug-2023,"3,342.95","3,341.20","3,371.95","3,330.65","3,361.00","3,362.90","3,352.75","8,57,218","2,87,40,41,420.05","63,102","4,50,689",52.58,ASIANPAINT
126,,EQ,03-Aug-2023,"3,362.90","3,370.00","3,379.95","3,317.95","3,335.00","3,336.35","3,339.06","7,11,067","2,37,42,97,846.85","56,957","3,74,319",52.64,ASIANPAINT
127,,EQ,04-Aug-2023,"3,336.35","3,338.15","3,373.30","3,323.00","3,337.60","3,339.65","3,345.05","5,19,248","1,73,69,08,553.35","49,270","2,80,679",54.05,ASIANPAINT
128,,EQ,07-Aug-2023,"3,339.65","3,316.05","3,350.00","3,316.00","3,344.00","3,343.00","3,337.51","3,60,358","1,20,26,97,904.20","40,014","1,67,760",46.55,ASIANPAINT
129,,EQ,08-Aug-2023,"3,343.00","3,343.00","3,359.95","3,332.65","3,342.00","3,348.05","3,346.67","5,00,258","1,67,42,00,655.65","67,902","3,13,403",62.65,ASIANPAINT
130,,EQ,09-Aug-2023,"3,348.05","3,332.55","3,356.95","3,303.00","3,325.20","3,331.00","3,325.96","6,43,222","2,13,93,29,392.45","68,048","3,87,913",60.31,ASIANPAINT
131,,EQ,10-Aug-2023,"3,331.00","3,310.00","3,320.00","3,230.00","3,231.00","3,237.90","3,253.22","12,53,219","4,07,69,99,776.80","1,24,013","5,44,200",43.42,ASIANPAINT
132,,EQ,11-Aug-2023,"3,237.90","3,237.90","3,248.95","3,180.00","3,184.95","3,185.35","3,199.90","9,19,023","2,94,07,80,182.80","94,902","5,34,607",58.17,ASIANPAINT
133,,EQ,14-Aug-2023,"3,185.35","3,185.35","3,209.90","3,152.25","3,198.00","3,202.60","3,185.32","8,15,534","2,59,77,34,022.95","1,06,204","4,99,124",61.20,ASIANPAINT
134,,EQ,16-Aug-2023,"3,202.60","3,194.90","3,208.85","3,176.90","3,188.40","3,194.05","3,190.21","5,97,686","1,90,67,46,025.95","54,808","3,07,107",51.38,ASIANPAINT
135,,EQ,17-Aug-2023,"3,194.05","3,223.90","3,224.00","3,162.00","3,177.55","3,183.25","3,181.16","8,73,392","2,77,84,00,870.70","1,02,774","5,20,073",59.55,ASIANPAINT
136,,EQ,18-Aug-2023,"3,183.25","3,174.90","3,185.50","3,155.00","3,160.00","3,163.55","3,168.75","5,92,652","1,87,79,66,411.85","59,612","3,17,465",53.57,ASIANPAINT
137,,EQ,21-Aug-2023,"3,163.55","3,159.90","3,187.50","3,152.15","3,184.00","3,182.30","3,172.66","3,53,330","1,12,09,95,437.05","45,808","1,70,913",48.37,ASIANPAINT
138,,EQ,22-Aug-2023,"3,182.30","3,198.60","3,198.60","3,171.00","3,178.00","3,179.70","3,182.59","3,77,068","1,20,00,52,464.85","51,650","2,01,164",53.35,ASIANPAINT
139,,EQ,23-Aug-2023,"3,179.70","3,186.00","3,196.00","3,165.25","3,167.75","3,168.80","3,177.50","3,70,811","1,17,82,52,480.10","39,159","1,81,945",49.07,ASIANPAINT
140,,EQ,24-Aug-2023,"3,168.80","3,185.00","3,232.90","3,170.90","3,225.20","3,225.60","3,214.61","11,67,742","3,75,38,35,820.55","76,847","6,85,105",58.67,ASIANPAINT
141,,EQ,25-Aug-2023,"3,225.60","3,224.90","3,265.00","3,216.20","3,255.85","3,259.30","3,245.82","13,63,431","4,42,54,45,993.35","99,869","7,63,108",55.97,ASIANPAINT
142,,EQ,28-Aug-2023,"3,259.30","3,264.95","3,272.00","3,231.05","3,264.45","3,259.70","3,258.59","7,07,315","2,30,48,52,064.95","56,536","4,11,008",58.11,ASIANPAINT
143,,EQ,29-Aug-2023,"3,259.70","3,261.00","3,289.00","3,255.05","3,288.00","3,285.70","3,278.37","5,33,163","1,74,79,07,929.95","48,076","2,89,654",54.33,ASIANPAINT
144,,EQ,30-Aug-2023,"3,285.70","3,301.30","3,302.85","3,276.40","3,284.00","3,294.70","3,289.66","5,99,080","1,97,07,71,024.45","50,537","3,69,376",61.66,ASIANPAINT
145,,EQ,31-Aug-2023,"3,294.70","3,300.05","3,302.00","3,220.00","3,255.00","3,256.10","3,264.35","16,01,967","5,22,93,84,859.80","80,059","9,47,551",59.15,ASIANPAINT
146,,EQ,01-Sep-2023,"3,256.10","3,241.10","3,264.20","3,217.10","3,260.95","3,259.55","3,244.70","6,50,131","2,10,94,82,776.80","52,522","3,60,766",55.49,ASIANPAINT
147,,EQ,04-Sep-2023,"3,259.55","3,259.55","3,266.25","3,216.10","3,245.50","3,235.55","3,232.96","6,96,213","2,25,08,28,100.20","51,379","3,99,118",57.33,ASIANPAINT
148,,EQ,05-Sep-2023,"3,235.55","3,245.00","3,248.85","3,220.00","3,222.00","3,223.30","3,232.74","5,97,022","1,93,00,16,980.20","50,270","3,14,302",52.64,ASIANPAINT
149,,EQ,06-Sep-2023,"3,223.30","3,209.00","3,230.00","3,195.00","3,223.00","3,225.30","3,215.62","7,54,106","2,42,49,21,818.85","64,778","4,20,113",55.71,ASIANPAINT
150,,EQ,07-Sep-2023,"3,225.30","3,225.30","3,253.75","3,201.25","3,246.00","3,246.35","3,230.65","9,23,108","2,98,22,38,499.50","64,965","4,22,246",45.74,ASIANPAINT
151,,EQ,08-Sep-2023,"3,246.35","3,250.55","3,263.05","3,232.00","3,236.95","3,238.05","3,247.55","3,95,918","1,28,57,64,146.05","33,798","2,05,978",52.03,ASIANPAINT
152,,EQ,11-Sep-2023,"3,238.05","3,242.00","3,265.00","3,242.00","3,260.00","3,259.40","3,253.70","3,59,345","1,16,92,00,507.25","45,263","2,09,669",58.35,ASIANPAINT
153,,EQ,12-Sep-2023,"3,259.40","3,260.00","3,279.80","3,243.00","3,260.00","3,256.85","3,262.63","5,54,905","1,81,04,48,074.40","60,638","2,81,233",50.68,ASIANPAINT
154,,EQ,13-Sep-2023,"3,256.85","3,245.00","3,284.65","3,225.30","3,269.15","3,277.75","3,258.31","8,80,907","2,87,02,66,444.40","59,755","5,51,472",62.60,ASIANPAINT
155,,EQ,14-Sep-2023,"3,277.75","3,282.00","3,294.20","3,223.25","3,240.00","3,240.25","3,245.86","11,02,554","3,57,87,36,751.10","1,13,167","4,87,518",44.22,ASIANPAINT
156,,EQ,15-Sep-2023,"3,240.25","3,235.00","3,240.00","3,185.00","3,200.00","3,196.65","3,198.14","15,68,607","5,01,66,26,619.75","1,13,418","8,95,772",57.11,ASIANPAINT
157,,EQ,18-Sep-2023,"3,196.65","3,200.00","3,229.90","3,190.00","3,208.00","3,206.30","3,217.20","6,73,602","2,16,71,15,317.10","51,286","3,90,489",57.97,ASIANPAINT
158,,EQ,20-Sep-2023,"3,206.30","3,206.30","3,228.00","3,195.00","3,224.50","3,214.35","3,205.78","9,01,084","2,88,86,75,679.80","80,782","5,35,659",59.45,ASIANPAINT
159,,EQ,21-Sep-2023,"3,214.35","3,210.00","3,261.20","3,180.55","3,248.00","3,244.20","3,215.04","8,45,739","2,71,90,86,597.95","91,780","3,42,973",40.55,ASIANPAINT
160,,EQ,22-Sep-2023,"3,244.20","3,234.95","3,283.60","3,221.15","3,280.50","3,274.85","3,262.19","8,96,521","2,92,46,21,657.00","79,565","5,08,400",56.71,ASIANPAINT
161,,EQ,25-Sep-2023,"3,274.85","3,272.30","3,334.80","3,271.15","3,321.15","3,323.25","3,315.09","14,22,084","4,71,43,36,174.20","1,04,864","7,38,384",51.92,ASIANPAINT
162,,EQ,26-Sep-2023,"3,323.25","3,323.00","3,324.90","3,260.35","3,292.00","3,292.80","3,286.83","8,34,560","2,74,30,60,927.40","84,109","4,65,992",55.84,ASIANPAINT
163,,EQ,27-Sep-2023,"3,292.80","3,288.00","3,309.00","3,271.70","3,307.60","3,301.80","3,294.21","5,16,326","1,70,08,84,872.25","55,381","3,14,305",60.87,ASIANPAINT
164,,EQ,28-Sep-2023,"3,301.80","3,281.80","3,289.00","3,155.00","3,180.00","3,170.35","3,196.13","21,04,381","6,72,58,74,126.15","1,59,596","8,94,379",42.50,ASIANPAINT
165,,EQ,29-Sep-2023,"3,170.35","3,195.00","3,195.00","3,134.00","3,166.00","3,161.05","3,160.04","15,50,585","4,89,99,13,073.05","1,04,346","9,32,670",60.15,ASIANPAINT
166,,EQ,03-Oct-2023,"3,161.05","3,166.10","3,227.80","3,162.00","3,167.50","3,166.85","3,188.43","12,19,145","3,88,71,55,363.70","90,310","5,10,241",41.85,ASIANPAINT
167,,EQ,04-Oct-2023,"3,166.85","3,164.95","3,189.00","3,151.35","3,169.10","3,169.90","3,171.84","8,92,584","2,83,11,32,462.65","80,714","5,04,035",56.47,ASIANPAINT
168,,EQ,05-Oct-2023,"3,169.90","3,210.00","3,232.10","3,174.30","3,202.00","3,206.25","3,200.15","10,02,610","3,20,85,06,367.00","83,570","4,00,238",39.92,ASIANPAINT
169,,EQ,06-Oct-2023,"3,206.25","3,214.75","3,217.00","3,190.00","3,197.00","3,195.75","3,200.44","8,14,257","2,60,59,77,189.80","63,803","5,17,610",63.57,ASIANPAINT
170,,EQ,09-Oct-2023,"3,195.75","3,140.05","3,163.00","3,132.70","3,152.00","3,152.80","3,152.84","7,00,012","2,20,70,25,609.45","67,617","3,94,034",56.29,ASIANPAINT
171,,EQ,10-Oct-2023,"3,152.80","3,150.00","3,164.90","3,140.05","3,152.95","3,151.50","3,150.31","8,47,367","2,66,94,64,652.25","78,153","6,39,389",75.46,ASIANPAINT
172,,EQ,11-Oct-2023,"3,151.50","3,169.00","3,185.00","3,152.05","3,164.00","3,163.90","3,167.68","10,25,317","3,24,78,76,025.65","89,674","7,42,862",72.45,ASIANPAINT
173,,EQ,12-Oct-2023,"3,163.90","3,186.00","3,188.50","3,150.05","3,162.00","3,159.10","3,159.03","9,92,531","3,13,54,31,725.45","1,03,482","6,56,081",66.10,ASIANPAINT
174,,EQ,13-Oct-2023,"3,159.10","3,150.00","3,172.00","3,128.25","3,148.00","3,148.80","3,147.26","8,54,688","2,68,99,27,266.85","1,10,722","4,56,977",53.47,ASIANPAINT
175,,EQ,16-Oct-2023,"3,148.80","3,124.00","3,128.00","3,096.10","3,112.00","3,112.05","3,113.39","8,53,011","2,65,57,58,018.20","89,855","4,90,440",57.50,ASIANPAINT
176,,EQ,17-Oct-2023,"3,112.05","3,137.00","3,137.00","3,091.80","3,116.90","3,113.55","3,110.94","7,92,640","2,46,58,56,469.75","68,035","4,29,378",54.17,ASIANPAINT
177,,EQ,18-Oct-2023,"3,113.55","3,110.00","3,115.20","3,090.00","3,095.25","3,096.45","3,104.55","4,81,985","1,49,63,44,917.95","60,993","2,61,683",54.29,ASIANPAINT
178,,EQ,19-Oct-2023,"3,096.45","3,087.70","3,110.90","3,076.10","3,101.00","3,101.80","3,095.68","5,68,124","1,75,87,27,731.40","73,872","2,30,523",40.58,ASIANPAINT
179,,EQ,20-Oct-2023,"3,101.80","3,092.50","3,115.10","3,064.55","3,105.00","3,105.85","3,098.44","7,11,434","2,20,43,34,814.90","89,613","2,83,947",39.91,ASIANPAINT
180,,EQ,23-Oct-2023,"3,105.85","3,096.05","3,108.90","3,064.00","3,068.00","3,072.00","3,090.96","3,74,476","1,15,74,90,160.85","55,331","1,86,340",49.76,ASIANPAINT
181,,EQ,25-Oct-2023,"3,072.00","3,093.40","3,108.00","3,052.00","3,061.10","3,060.80","3,081.66","6,69,290","2,06,25,23,283.25","68,987","3,42,919",51.24,ASIANPAINT
182,,EQ,26-Oct-2023,"3,060.80","3,051.10","3,055.00","2,940.00","2,951.00","2,960.30","2,985.38","18,34,111","5,47,55,10,150.55","1,61,772","9,69,111",52.84,ASIANPAINT
183,,EQ,27-Oct-2023,"2,960.30","2,932.80","2,974.65","2,931.00","2,959.00","2,955.15","2,954.69","17,08,185","5,04,71,60,433.30","1,56,670","10,39,600",60.86,ASIANPAINT
184,,EQ,30-Oct-2023,"2,955.15","2,974.00","2,991.95","2,939.10","2,973.00","2,967.10","2,966.44","8,78,885","2,60,71,59,628.50","74,109","5,10,844",58.12,ASIANPAINT
185,,EQ,31-Oct-2023,"2,967.10","2,969.00","3,012.75","2,966.00","2,999.00","2,995.70","2,994.91","11,52,306","3,45,10,54,390.80","95,564","7,35,996",63.87,ASIANPAINT
186,,EQ,01-Nov-2023,"2,995.70","2,997.95","3,008.90","2,930.00","2,938.00","2,934.55","2,954.56","10,29,990","3,04,31,65,462.15","1,18,913","6,19,507",60.15,ASIANPAINT
187,,EQ,02-Nov-2023,"2,934.55","2,961.05","2,962.00","2,934.00","2,955.10","2,955.40","2,948.93","9,00,125","2,65,44,01,760.70","94,444","5,07,089",56.34,ASIANPAINT
188,,EQ,03-Nov-2023,"2,955.40","2,957.00","2,982.90","2,942.00","2,978.20","2,977.85","2,969.90","7,15,997","2,12,64,41,016.75","70,256","4,15,870",58.08,ASIANPAINT
189,,EQ,06-Nov-2023,"2,977.85","2,998.00","3,034.05","2,983.85","3,029.70","3,029.30","3,014.43","6,20,959","1,87,18,38,596.55","62,963","3,60,925",58.12,ASIANPAINT
190,,EQ,07-Nov-2023,"3,029.30","3,029.30","3,038.95","3,002.20","3,038.00","3,033.35","3,022.80","7,57,998","2,29,12,79,142.50","58,294","4,64,579",61.29,ASIANPAINT
191,,EQ,08-Nov-2023,"3,033.35","3,058.00","3,098.95","3,046.20","3,098.00","3,095.25","3,081.68","7,83,400","2,41,41,88,986.50","62,335","3,37,900",43.13,ASIANPAINT
192,,EQ,09-Nov-2023,"3,095.25","3,100.00","3,111.40","3,074.05","3,080.00","3,080.20","3,092.43","8,49,702","2,62,76,43,628.10","69,891","3,60,121",42.38,ASIANPAINT
193,,EQ,10-Nov-2023,"3,080.20","3,070.00","3,085.00","3,040.10","3,080.00","3,076.45","3,063.01","3,64,232","1,11,56,47,633.35","40,004","1,60,571",44.08,ASIANPAINT
194,,EQ,12-Nov-2023,"3,076.45","3,099.95","3,100.00","3,090.00","3,099.50","3,098.15","3,097.92","85,178","26,38,74,727.45","14,342","56,317",66.12,ASIANPAINT
195,,EQ,13-Nov-2023,"3,098.15","3,098.00","3,098.00","3,065.00","3,083.00","3,085.60","3,079.60","4,05,941","1,25,01,34,113.50","38,458","2,64,103",65.06,ASIANPAINT
196,,EQ,15-Nov-2023,"3,085.60","3,085.70","3,118.85","3,078.70","3,115.80","3,116.20","3,101.22","7,00,017","2,17,09,06,897.20","64,696","4,25,563",60.79,ASIANPAINT
197,,EQ,16-Nov-2023,"3,116.20","3,119.00","3,140.90","3,097.60","3,131.10","3,130.30","3,125.99","6,75,454","2,11,14,63,858.05","70,056","3,08,376",45.65,ASIANPAINT
198,,EQ,17-Nov-2023,"3,130.30","3,150.00","3,228.25","3,145.65","3,167.00","3,168.90","3,196.91","14,30,175","4,57,21,43,138.90","1,11,559","5,52,714",38.65,ASIANPAINT
199,,EQ,20-Nov-2023,"3,168.90","3,168.90","3,171.90","3,132.00","3,140.00","3,140.35","3,146.59","4,06,431","1,27,88,69,993.50","50,256","1,79,742",44.22,ASIANPAINT
200,,EQ,21-Nov-2023,"3,140.35","3,156.90","3,156.90","3,127.00","3,134.70","3,133.25","3,135.93","4,09,069","1,28,28,13,126.20","50,458","2,25,956",55.24,ASIANPAINT
201,,EQ,22-Nov-2023,"3,133.25","3,140.00","3,157.00","3,121.20","3,130.30","3,133.00","3,139.35","4,89,889","1,53,79,31,540.40","47,598","2,39,970",48.98,ASIANPAINT
202,,EQ,23-Nov-2023,"3,133.00","3,148.00","3,171.40","3,115.15","3,119.70","3,122.95","3,139.03","7,92,460","2,48,75,57,657.05","65,778","4,17,015",52.62,ASIANPAINT
203,,EQ,24-Nov-2023,"3,122.95","3,118.00","3,139.80","3,111.00","3,130.20","3,136.15","3,126.55","7,56,329","2,36,46,99,220.40","49,189","5,06,937",67.03,ASIANPAINT
204,,EQ,28-Nov-2023,"3,136.15","3,141.15","3,160.00","3,136.15","3,145.40","3,148.35","3,150.01","6,47,883","2,04,08,37,993.45","84,580","4,37,355",67.51,ASIANPAINT
205,,EQ,29-Nov-2023,"3,148.35","3,148.35","3,170.00","3,142.00","3,149.55","3,148.35","3,158.69","6,20,725","1,96,06,80,377.40","61,685","4,13,379",66.60,ASIANPAINT
206,,EQ,30-Nov-2023,"3,148.35","3,148.35","3,153.95","3,108.35","3,125.20","3,119.90","3,124.04","17,93,116","5,60,17,66,269.50","77,072","11,79,801",65.80,ASIANPAINT
207,,EQ,01-Dec-2023,"3,119.90","3,146.95","3,190.60","3,140.25","3,172.00","3,173.40","3,169.94","9,60,196","3,04,37,67,709.25","69,376","4,47,167",46.57,ASIANPAINT
208,,EQ,04-Dec-2023,"3,173.40","3,190.00","3,204.45","3,166.50","3,196.00","3,194.55","3,186.39","10,18,189","3,24,43,52,091.95","78,512","6,79,962",66.78,ASIANPAINT
209,,EQ,05-Dec-2023,"3,194.55","3,197.00","3,247.65","3,180.00","3,220.20","3,226.25","3,217.52","10,05,550","3,23,53,77,814.60","75,863","6,22,447",61.90,ASIANPAINT
210,,EQ,06-Dec-2023,"3,226.25","3,265.00","3,289.00","3,232.95","3,250.00","3,252.55","3,266.13","12,29,158","4,01,45,89,483.95","84,535","6,14,440",49.99,ASIANPAINT
211,,EQ,07-Dec-2023,"3,252.55","3,284.00","3,299.95","3,246.85","3,252.00","3,251.80","3,267.33","10,71,725","3,50,16,75,559.25","1,18,189","5,70,592",53.24,ASIANPAINT
212,,EQ,08-Dec-2023,"3,251.80","3,255.00","3,269.80","3,227.80","3,229.00","3,232.00","3,241.09","8,95,852","2,90,35,35,270.85","1,27,121","5,56,354",62.10,ASIANPAINT
213,,EQ,11-Dec-2023,"3,232.00","3,230.00","3,245.00","3,185.50","3,240.15","3,233.00","3,210.75","9,10,426","2,92,31,49,196.60","74,020","5,98,600",65.75,ASIANPAINT
214,,EQ,12-Dec-2023,"3,233.00","3,228.00","3,257.05","3,210.00","3,213.00","3,224.75","3,231.72","10,19,030","3,29,32,19,184.20","1,03,825","7,30,441",71.68,ASIANPAINT
215,,EQ,13-Dec-2023,"3,224.75","3,240.00","3,254.95","3,190.30","3,237.50","3,243.65","3,221.45","10,52,079","3,38,92,23,419.70","82,462","6,12,239",58.19,ASIANPAINT
216,,EQ,14-Dec-2023,"3,243.65","3,255.00","3,258.60","3,218.00","3,245.75","3,241.35","3,237.43","9,23,107","2,98,84,96,890.30","95,724","5,31,984",57.63,ASIANPAINT
217,,EQ,15-Dec-2023,"3,241.35","3,250.00","3,326.35","3,242.00","3,312.65","3,313.90","3,288.17","16,31,687","5,36,52,62,123.40","1,04,245","10,22,055",62.64,ASIANPAINT
218,,EQ,18-Dec-2023,"3,313.90","3,313.00","3,335.80","3,296.00","3,335.00","3,332.05","3,322.04","9,11,936","3,02,94,90,833.80","67,398","5,35,027",58.67,ASIANPAINT
219,,EQ,19-Dec-2023,"3,332.05","3,335.95","3,353.90","3,300.15","3,335.00","3,336.05","3,329.54","7,80,448","2,59,85,31,549.85","62,835","4,46,180",57.17,ASIANPAINT
220,,EQ,20-Dec-2023,"3,336.05","3,336.05","3,359.95","3,282.65","3,288.00","3,297.15","3,327.79","9,79,762","3,26,04,40,870.20","81,014","5,42,838",55.41,ASIANPAINT
221,,EQ,21-Dec-2023,"3,297.15","3,280.00","3,320.00","3,271.85","3,305.65","3,302.95","3,296.07","15,85,879","5,22,71,75,386.60","83,813","11,95,155",75.36,ASIANPAINT
222,,EQ,22-Dec-2023,"3,302.95","3,309.90","3,350.80","3,287.00","3,345.00","3,341.30","3,331.17","9,30,563","3,09,98,63,702.20","99,092","4,60,376",49.47,ASIANPAINT
223,,EQ,26-Dec-2023,"3,341.30","3,349.95","3,391.90","3,345.20","3,383.00","3,383.35","3,370.47","6,00,190","2,02,29,25,133.05","49,808","2,91,298",48.53,ASIANPAINT
224,,EQ,27-Dec-2023,"3,383.35","3,381.05","3,409.95","3,354.00","3,400.00","3,404.45","3,376.34","8,37,182","2,82,66,14,984.65","87,270","4,58,285",54.74,ASIANPAINT
225,,EQ,28-Dec-2023,"3,404.45","3,405.00","3,419.95","3,373.05","3,399.50","3,397.25","3,392.66","7,79,250","2,64,37,32,575.20","84,398","4,17,749",53.61,ASIANPAINT
226,,EQ,29-Dec-2023,"3,397.25","3,410.00","3,422.95","3,383.90","3,394.75","3,402.40","3,401.15","6,15,676","2,09,40,08,563.40","67,005","3,37,319",54.79,ASIANPAINT
227,,EQ,01-Jan-2024,"3,402.40","3,403.00","3,411.80","3,389.15","3,390.00","3,396.10","3,397.12","2,83,951","96,46,15,249.85","41,365","1,41,679",49.90,ASIANPAINT
228,,EQ,02-Jan-2024,"3,396.10","3,396.00","3,398.90","3,345.00","3,390.00","3,391.35","3,375.92","5,52,394","1,86,48,37,635.55","58,169","2,85,006",51.59,ASIANPAINT
229,,EQ,03-Jan-2024,"3,391.35","3,391.35","3,399.00","3,365.00","3,374.95","3,373.60","3,384.56","3,79,131","1,28,31,91,878.95","45,139","2,30,644",60.83,ASIANPAINT
230,,EQ,04-Jan-2024,"3,373.60","3,372.00","3,401.25","3,363.80","3,375.35","3,379.95","3,385.28","7,77,127","2,63,07,94,902.25","73,687","4,79,207",61.66,ASIANPAINT
231,,EQ,05-Jan-2024,"3,379.95","3,379.95","3,380.40","3,348.00","3,352.00","3,355.55","3,364.27","4,16,956","1,40,27,51,510.35","68,006","2,15,353",51.65,ASIANPAINT
232,,EQ,08-Jan-2024,"3,355.55","3,355.00","3,376.50","3,294.85","3,301.00","3,298.40","3,322.10","5,45,884","1,81,34,83,826.75","62,730","2,82,147",51.69,ASIANPAINT
233,,EQ,09-Jan-2024,"3,298.40","3,310.00","3,315.00","3,262.25","3,272.25","3,267.50","3,288.37","6,70,704","2,20,55,22,435.20","58,748","4,38,228",65.34,ASIANPAINT
234,,EQ,10-Jan-2024,"3,267.50","3,292.00","3,293.00","3,258.20","3,285.00","3,286.85","3,276.23","6,91,087","2,26,41,57,869.20","59,565","4,24,434",61.42,ASIANPAINT
235,,EQ,11-Jan-2024,"3,286.85","3,286.85","3,309.20","3,270.70","3,285.00","3,288.20","3,285.11","5,37,469","1,76,56,43,934.30","74,706","3,59,310",66.85,ASIANPAINT
236,,EQ,12-Jan-2024,"3,288.20","3,294.95","3,294.95","3,244.00","3,287.25","3,277.80","3,265.68","6,73,004","2,19,78,18,060.50","87,373","3,47,200",51.59,ASIANPAINT
237,,EQ,15-Jan-2024,"3,277.80","3,282.20","3,287.20","3,258.60","3,280.00","3,273.90","3,268.89","7,28,116","2,38,01,31,693.25","71,432","5,25,949",72.23,ASIANPAINT
238,,EQ,16-Jan-2024,"3,273.90","3,274.95","3,320.00","3,273.90","3,302.75","3,296.90","3,300.41","7,48,215","2,46,94,16,279.50","90,527","4,50,614",60.23,ASIANPAINT
239,,EQ,17-Jan-2024,"3,296.90","3,294.10","3,304.35","3,193.05","3,249.70","3,242.30","3,264.05","22,39,241","7,30,89,99,438.65","1,46,143","12,85,982",57.43,ASIANPAINT
240,,EQ,18-Jan-2024,"3,242.30","3,257.95","3,257.95","3,048.60","3,173.00","3,163.85","3,147.43","19,79,174","6,22,93,11,861.10","1,88,313","10,23,773",51.73,ASIANPAINT
241,,EQ,19-Jan-2024,"3,163.85","3,177.80","3,201.55","3,148.60","3,166.00","3,165.85","3,171.07","9,36,201","2,96,87,57,419.35","1,07,564","5,26,912",56.28,ASIANPAINT
242,,EQ,20-Jan-2024,"3,165.85","3,179.90","3,189.20","3,130.35","3,142.85","3,138.80","3,156.45","2,75,937","87,09,82,603.55","30,633","1,32,207",47.91,ASIANPAINT
243,,EQ,23-Jan-2024,"3,138.80","3,087.55","3,109.00","3,021.55","3,073.95","3,054.70","3,061.31","23,65,225","7,24,06,83,404.70","1,77,182","16,59,275",70.15,ASIANPAINT
244,,EQ,24-Jan-2024,"3,054.70","3,055.00","3,055.00","2,976.10","3,001.95","2,999.45","2,999.09","26,65,932","7,99,53,80,686.90","1,91,460","18,42,381",69.11,ASIANPAINT
245,,BL,25-Jan-2024,"3,055.40","2,999.45","2,999.45","2,999.45","2,999.45","2,999.45","2,999.45","66,453","19,93,22,450.85",1,-,-,ASIANPAINT
246,,EQ,25-Jan-2024,"2,999.45","3,010.05","3,016.00","2,942.30","2,949.10","2,949.20","2,961.59","20,01,961","5,92,89,87,578.85","1,65,587","13,28,514",66.36,ASIANPAINT
